-- REGION table
INSERT INTO REGION (REGION_ID, REGION_NAME) VALUES ('01', 'North');
INSERT INTO REGION (REGION_ID, REGION_NAME) VALUES ('02', 'South');
INSERT INTO REGION (REGION_ID, REGION_NAME) VALUES ('03', 'East');
INSERT INTO REGION (REGION_ID, REGION_NAME) VALUES ('04', 'West');
INSERT INTO REGION (REGION_ID, REGION_NAME) VALUES ('05', 'Central');
INSERT INTO REGION (REGION_ID, REGION_NAME) VALUES ('06', 'Northeast');
INSERT INTO REGION (REGION_ID, REGION_NAME) VALUES ('07', 'Northwest');
INSERT INTO REGION (REGION_ID, REGION_NAME) VALUES ('08', 'Southeast');
INSERT INTO REGION (REGION_ID, REGION_NAME) VALUES ('09', 'Southwest');
INSERT INTO REGION (REGION_ID, REGION_NAME) VALUES ('10', 'Midwest');

--CUSTOMER table
INSERT INTO CUSTOMER (CUSTOMER_ID, REGION_ID, CUSTOMER_NAME, CUSTOMER_PHONE) VALUES (10001, '01', 'ABC Corp', '123-456-7890');
INSERT INTO CUSTOMER (CUSTOMER_ID, REGION_ID, CUSTOMER_NAME, CUSTOMER_PHONE) VALUES (10002, '02', 'XYZ Inc', '987-654-3210');
INSERT INTO CUSTOMER (CUSTOMER_ID, REGION_ID, CUSTOMER_NAME, CUSTOMER_PHONE) VALUES (10003, '03', 'Acme Corp', '555-555-5555');
INSERT INTO CUSTOMER (CUSTOMER_ID, REGION_ID, CUSTOMER_NAME, CUSTOMER_PHONE) VALUES (10004, '04', 'Globex Corp', '111-111-1111');
INSERT INTO CUSTOMER (CUSTOMER_ID, REGION_ID, CUSTOMER_NAME, CUSTOMER_PHONE) VALUES (10005, '05', '123 Industries', '222-222-2222');
INSERT INTO CUSTOMER (CUSTOMER_ID, REGION_ID, CUSTOMER_NAME, CUSTOMER_PHONE) VALUES (10006, '06', 'ABC Inc', '333-333-3333');
INSERT INTO CUSTOMER (CUSTOMER_ID, REGION_ID, CUSTOMER_NAME, CUSTOMER_PHONE) VALUES (10007, '07', 'XYZ Corp', '444-444-4444');
INSERT INTO CUSTOMER (CUSTOMER_ID, REGION_ID, CUSTOMER_NAME, CUSTOMER_PHONE) VALUES (10008, '08', 'Acme Inc', '555-555-5555');
INSERT INTO CUSTOMER (CUSTOMER_ID, REGION_ID, CUSTOMER_NAME, CUSTOMER_PHONE) VALUES (10009, '09', 'Globex Inc', '666-666-6666');
INSERT INTO CUSTOMER (CUSTOMER_ID, REGION_ID, CUSTOMER_NAME, CUSTOMER_PHONE) VALUES (10010, '10', '123 Corp', '777-777-7777');

--SKILL table
INSERT INTO SKILL (SKILL_ID, SKILL_DESC, SKILL_RATE) VALUES(101, 'Data Entry I', 15.50);
INSERT INTO SKILL (SKILL_ID, SKILL_DESC, SKILL_RATE) VALUES(102, 'Data Entry II', 18.25);
INSERT INTO SKILL (SKILL_ID, SKILL_DESC, SKILL_RATE) VALUES(103, 'Systems Analyst I', 22.75);
INSERT INTO SKILL (SKILL_ID, SKILL_DESC, SKILL_RATE) VALUES(104, 'Systems Analyst II', 28.50);
INSERT INTO SKILL (SKILL_ID, SKILL_DESC, SKILL_RATE) VALUES(105, 'Database Designer I', 25.00);
INSERT INTO SKILL (SKILL_ID, SKILL_DESC, SKILL_RATE) VALUES(106, 'Database Designer II', 32.00);
INSERT INTO SKILL (SKILL_ID, SKILL_DESC, SKILL_RATE) VALUES(107, 'Java I', 30.00);
INSERT INTO SKILL (SKILL_ID, SKILL_DESC, SKILL_RATE) VALUES(108, 'Java II', 38.00);
INSERT INTO SKILL (SKILL_ID, SKILL_DESC, SKILL_RATE) VALUES(109, 'C++ I', 28.50);
INSERT INTO SKILL (SKILL_ID, SKILL_DESC, SKILL_RATE) VALUES(110, 'C++ II', 36.00);
INSERT INTO SKILL (SKILL_ID, SKILL_DESC, SKILL_RATE) VALUES(111, 'Python I', 32.00);
INSERT INTO SKILL (SKILL_ID, SKILL_DESC, SKILL_RATE) VALUES(112, 'Python II', 40.00);
INSERT INTO SKILL (SKILL_ID, SKILL_DESC, SKILL_RATE) VALUES(113, 'ColdFusion I', 27.50);
INSERT INTO SKILL (SKILL_ID, SKILL_DESC, SKILL_RATE) VALUES(114, 'ColdFusion II', 34.50);
INSERT INTO SKILL (SKILL_ID, SKILL_DESC, SKILL_RATE) VALUES(115, 'ASP I', 26.00);
INSERT INTO SKILL (SKILL_ID, SKILL_DESC, SKILL_RATE) VALUES(116, 'ASP II', 32.50);
INSERT INTO SKILL (SKILL_ID, SKILL_DESC, SKILL_RATE) VALUES(117, 'Oracle DBA', 45.00);
INSERT INTO SKILL (SKILL_ID, SKILL_DESC, SKILL_RATE) VALUES(118, 'MS SQL Server DBA', 42.50);
INSERT INTO SKILL (SKILL_ID, SKILL_DESC, SKILL_RATE) VALUES(119, 'Network Engineer I', 37.50);
INSERT INTO SKILL (SKILL_ID, SKILL_DESC, SKILL_RATE) VALUES(120, 'Network Engineer II', 45.00);
INSERT INTO SKILL (SKILL_ID, SKILL_DESC, SKILL_RATE) VALUES(121, 'Web Administrator', 32.50);
INSERT INTO SKILL (SKILL_ID, SKILL_DESC, SKILL_RATE) VALUES(122, 'Technical Writer', 28.00);
INSERT INTO SKILL (SKILL_ID, SKILL_DESC, SKILL_RATE) VALUES(123, 'Project Manager', 48.00);

--EMPLOYEE table
INSERT INTO EMPLOYEE (EMPLOYEE_ID, REGION_ID, EMP_LNAME, EMP_MI, EMP_FNAME, EMP_HIREDATE) VALUES (1, '01', 'Smith', 'J', 'John', '01-JAN-2022');
INSERT INTO EMPLOYEE (EMPLOYEE_ID, REGION_ID, EMP_LNAME, EMP_MI, EMP_FNAME, EMP_HIREDATE) VALUES (2, '02', 'Doe', 'S', 'Samantha', '02-FEB-2022');
INSERT INTO EMPLOYEE (EMPLOYEE_ID, REGION_ID, EMP_LNAME, EMP_MI, EMP_FNAME, EMP_HIREDATE) VALUES (3, '03', 'Johnson', 'L', 'Linda', '03-MAR-2022');
INSERT INTO EMPLOYEE (EMPLOYEE_ID, REGION_ID, EMP_LNAME, EMP_MI, EMP_FNAME, EMP_HIREDATE) VALUES (4, '04', 'Garcia', 'R', 'Robert', '04-APR-2022');
INSERT INTO EMPLOYEE (EMPLOYEE_ID, REGION_ID, EMP_LNAME, EMP_MI, EMP_FNAME, EMP_HIREDATE) VALUES (5, '05', 'Davis', 'K', 'Karen', '05-MAY-2022');
INSERT INTO EMPLOYEE (EMPLOYEE_ID, REGION_ID, EMP_LNAME, EMP_MI, EMP_FNAME, EMP_HIREDATE) VALUES (6, '06', 'Wilson', 'T', 'Thomas', '06-JUN-2022');
INSERT INTO EMPLOYEE (EMPLOYEE_ID, REGION_ID, EMP_LNAME, EMP_MI, EMP_FNAME, EMP_HIREDATE) VALUES (7, '07', 'Martinez', 'E', 'Emily', '07-JUL-2022');
INSERT INTO EMPLOYEE (EMPLOYEE_ID, REGION_ID, EMP_LNAME, EMP_MI, EMP_FNAME, EMP_HIREDATE) VALUES (8, '08', 'Anderson', 'M', 'Michael', '08-AUG-2022');
INSERT INTO EMPLOYEE (EMPLOYEE_ID, REGION_ID, EMP_LNAME, EMP_MI, EMP_FNAME, EMP_HIREDATE) VALUES (9, '09', 'Taylor', 'D', 'David', '09-SEP-2022');
INSERT INTO EMPLOYEE (EMPLOYEE_ID, REGION_ID, EMP_LNAME, EMP_MI, EMP_FNAME, EMP_HIREDATE) VALUES (10, '10', 'Thomas', 'A', 'Anna', '10-OCT-2022');

--EMP_SKILL table
INSERT INTO EMP_SKILL (EMPLOYEE_ID, SKILL_ID) VALUES (1, 101);
INSERT INTO EMP_SKILL (EMPLOYEE_ID, SKILL_ID) VALUES (2, 102);
INSERT INTO EMP_SKILL (EMPLOYEE_ID, SKILL_ID) VALUES (3, 103);
INSERT INTO EMP_SKILL (EMPLOYEE_ID, SKILL_ID) VALUES (4, 104);
INSERT INTO EMP_SKILL (EMPLOYEE_ID, SKILL_ID) VALUES (5, 105);
INSERT INTO EMP_SKILL (EMPLOYEE_ID, SKILL_ID) VALUES (6, 106);
INSERT INTO EMP_SKILL (EMPLOYEE_ID, SKILL_ID) VALUES (7, 107);
INSERT INTO EMP_SKILL (EMPLOYEE_ID, SKILL_ID) VALUES (8, 108);
INSERT INTO EMP_SKILL (EMPLOYEE_ID, SKILL_ID) VALUES (9, 109);
INSERT INTO EMP_SKILL (EMPLOYEE_ID, SKILL_ID) VALUES (10, 110);

--PROJECT table
INSERT INTO PROJECT (PROJ_ID, EMPLOYEE_ID, CUSTOMER_ID, PROJ_DATE, PROJ_DESCRIPTION, PROJ_ESDATESTART, PROJ_ESDATEEND, PROJ_ESBUDGET, PROJ_ACDATESTART, PROJ_ACDATEEND, PROJ_ACCOST)
VALUES (501, 1, 10001, '01-JAN-2023', 'Project 501 description', '01-JAN-2023', '31-MAR-2023', 50000, '01-APR-2023', '30-JUN-2023', 55000);

INSERT INTO PROJECT (PROJ_ID, EMPLOYEE_ID, CUSTOMER_ID, PROJ_DATE, PROJ_DESCRIPTION, PROJ_ESDATESTART, PROJ_ESDATEEND, PROJ_ESBUDGET, PROJ_ACDATESTART, PROJ_ACDATEEND, PROJ_ACCOST)
VALUES (502, 2, 10002, '02-FEB-2023', 'Project 502 description', '01-FEB-2023', '31-MAY-2023', 60000, '01-JUN-2023', '30-SEP-2023', 65000);

INSERT INTO PROJECT (PROJ_ID, EMPLOYEE_ID, CUSTOMER_ID, PROJ_DATE, PROJ_DESCRIPTION, PROJ_ESDATESTART, PROJ_ESDATEEND, PROJ_ESBUDGET, PROJ_ACDATESTART, PROJ_ACDATEEND, PROJ_ACCOST)
VALUES (503, 3, 10003, '03-MAR-2023', 'Project 503 description', '01-MAR-2023', '31-MAY-2023', 70000, '01-JUN-2023', null, 75000);

INSERT INTO PROJECT (PROJ_ID, EMPLOYEE_ID, CUSTOMER_ID, PROJ_DATE, PROJ_DESCRIPTION, PROJ_ESDATESTART, PROJ_ESDATEEND, PROJ_ESBUDGET, PROJ_ACDATESTART, PROJ_ACDATEEND, PROJ_ACCOST)
VALUES (504, 4, 10004, '04-APR-2023', 'Project 504 description', '01-APR-2023', '30-JUN-2023', 80000, '01-JUL-2023', '30-SEP-2023', 85000);

INSERT INTO PROJECT (PROJ_ID, EMPLOYEE_ID, CUSTOMER_ID, PROJ_DATE, PROJ_DESCRIPTION, PROJ_ESDATESTART, PROJ_ESDATEEND, PROJ_ESBUDGET, PROJ_ACDATESTART, PROJ_ACDATEEND, PROJ_ACCOST)
VALUES (505, 5, 10005, '05-MAY-2023', 'Project 505 description', '01-MAY-2023', '31-JUL-2023', 90000, '01-AUG-2023', '31-OCT-2023', 95000);

INSERT INTO PROJECT (PROJ_ID, EMPLOYEE_ID, CUSTOMER_ID, PROJ_DATE, PROJ_DESCRIPTION, PROJ_ESDATESTART, PROJ_ESDATEEND, PROJ_ESBUDGET, PROJ_ACDATESTART, PROJ_ACDATEEND, PROJ_ACCOST)
VALUES (506, 6, 10006, '06-JUN-2023', 'Project 506 description', '01-JUN-2023', '30-JUN-2023', 50000, '07-JUN-2023', '25-JUN-2023', 45000);

INSERT INTO PROJECT (PROJ_ID, EMPLOYEE_ID, CUSTOMER_ID, PROJ_DATE, PROJ_DESCRIPTION, PROJ_ESDATESTART, PROJ_ESDATEEND, PROJ_ESBUDGET, PROJ_ACDATESTART, PROJ_ACDATEEND, PROJ_ACCOST)
VALUES (507, 7, 10007, '07-JUL-2023', 'Project 507 description', '01-JUL-2023', '31-JUL-2023', 75000, '08-JUL-2023',  null, 70000);

INSERT INTO PROJECT (PROJ_ID, EMPLOYEE_ID, CUSTOMER_ID, PROJ_DATE, PROJ_DESCRIPTION, PROJ_ESDATESTART, PROJ_ESDATEEND, PROJ_ESBUDGET, PROJ_ACDATESTART, PROJ_ACDATEEND, PROJ_ACCOST)
VALUES (508, 8, 10008, '08-AUG-2023', 'Project 508 description', '01-AUG-2023', '31-AUG-2023', 100000, '09-AUG-2023', null, 95000);

INSERT INTO PROJECT (PROJ_ID, EMPLOYEE_ID, CUSTOMER_ID, PROJ_DATE, PROJ_DESCRIPTION, PROJ_ESDATESTART, PROJ_ESDATEEND, PROJ_ESBUDGET, PROJ_ACDATESTART, PROJ_ACDATEEND, PROJ_ACCOST)
VALUES (509, 9, 10009, '09-SEP-2023', 'Project 509 description', '01-SEP-2023', '30-SEP-2023', 60000, '10-SEP-2023', '29-SEP-2023', 55000);

INSERT INTO PROJECT (PROJ_ID, EMPLOYEE_ID, CUSTOMER_ID, PROJ_DATE, PROJ_DESCRIPTION, PROJ_ESDATESTART, PROJ_ESDATEEND, PROJ_ESBUDGET, PROJ_ACDATESTART, PROJ_ACDATEEND, PROJ_ACCOST)
VALUES (510, 10, 10010, '10-OCT-2023', 'Project 510 description', '01-OCT-2023', '31-OCT-2023', 90000, '11-OCT-2023', '27-OCT-2023', 80000);

INSERT INTO PROJECT (PROJ_ID, EMPLOYEE_ID, CUSTOMER_ID, PROJ_DATE, PROJ_DESCRIPTION, PROJ_ESDATESTART, PROJ_ESDATEEND, PROJ_ESBUDGET, PROJ_ACDATESTART, PROJ_ACDATEEND, PROJ_ACCOST)
VALUES (511, 1, 10001, '11-NOV-2023', 'Project 511 description', '01-NOV-2023', '30-NOV-2023', 120000, '12-NOV-2023', null, 90000);


--Task table
INSERT INTO TASK (TASK_ID, PROJ_ID, TASK_DESCRIPTION, TBEGIN_DATE, TEND_DATE) 
VALUES (801, 501, 'Task 1 for project 501', '01-JUL-2023', '05-JUL-2023');

INSERT INTO TASK (TASK_ID, PROJ_ID, TASK_DESCRIPTION, TBEGIN_DATE, TEND_DATE) 
VALUES (802, 502, 'Task 2 for project 501', '06-JUL-2023', '10-JUL-2023');

INSERT INTO TASK (TASK_ID, PROJ_ID, TASK_DESCRIPTION, TBEGIN_DATE, TEND_DATE) 
VALUES (803, 503, 'Task 3 for project 501', '11-JUL-2023', '15-JUL-2023');

INSERT INTO TASK (TASK_ID, PROJ_ID, TASK_DESCRIPTION, TBEGIN_DATE, TEND_DATE) 
VALUES (804, 504, 'Task 1 for project 502', '01-AUG-2023', '05-AUG-2023');

INSERT INTO TASK (TASK_ID, PROJ_ID, TASK_DESCRIPTION, TBEGIN_DATE, TEND_DATE) 
VALUES (805, 505, 'Task 2 for project 502', '06-AUG-2023', '10-AUG-2023');

INSERT INTO TASK (TASK_ID, PROJ_ID, TASK_DESCRIPTION, TBEGIN_DATE, TEND_DATE) 
VALUES (806, 506, 'Task 1 for project 503', '01-SEP-2023', '05-SEP-2023');

INSERT INTO TASK (TASK_ID, PROJ_ID, TASK_DESCRIPTION, TBEGIN_DATE, TEND_DATE) 
VALUES (807, 507, 'Task 2 for project 503', '06-SEP-2023', '10-SEP-2023');

INSERT INTO TASK (TASK_ID, PROJ_ID, TASK_DESCRIPTION, TBEGIN_DATE, TEND_DATE) 
VALUES (808, 508, 'Task 1 for project 504', '01-OCT-2023', '05-OCT-2023');

INSERT INTO TASK (TASK_ID, PROJ_ID, TASK_DESCRIPTION, TBEGIN_DATE, TEND_DATE) 
VALUES (809, 509, 'Task 1 for project 505', '01-NOV-2023', '05-NOV-2023');

INSERT INTO TASK (TASK_ID, PROJ_ID, TASK_DESCRIPTION, TBEGIN_DATE, TEND_DATE) 
VALUES (810, 510, 'Task 2 for project 505', '06-NOV-2023', '10-NOV-2023');

--Task skill
INSERT INTO TASK_SKILL (TS_ID, TASK_ID, SKILL_ID, TS_QTY) VALUES (704, 803, 108, 2);
INSERT INTO TASK_SKILL (TS_ID, TASK_ID, SKILL_ID, TS_QTY) VALUES (705, 801, 104, 1);
INSERT INTO TASK_SKILL (TS_ID, TASK_ID, SKILL_ID, TS_QTY) VALUES (706, 801, 107, 3);
INSERT INTO TASK_SKILL (TS_ID, TASK_ID, SKILL_ID, TS_QTY) VALUES (707, 802, 101, 2);
INSERT INTO TASK_SKILL (TS_ID, TASK_ID, SKILL_ID, TS_QTY) VALUES (708, 802, 102, 4);
INSERT INTO TASK_SKILL (TS_ID, TASK_ID, SKILL_ID, TS_QTY) VALUES (709, 803, 103, 2);
INSERT INTO TASK_SKILL (TS_ID, TASK_ID, SKILL_ID, TS_QTY) VALUES (710, 803, 109, 1);
INSERT INTO TASK_SKILL (TS_ID, TASK_ID, SKILL_ID, TS_QTY) VALUES (711, 804, 106, 3);
INSERT INTO TASK_SKILL (TS_ID, TASK_ID, SKILL_ID, TS_QTY) VALUES (712, 804, 107, 2);
INSERT INTO TASK_SKILL (TS_ID, TASK_ID, SKILL_ID, TS_QTY) VALUES (713, 805, 105, 1);
INSERT INTO TASK_SKILL (TS_ID, TASK_ID, SKILL_ID, TS_QTY) VALUES (714, 805, 109, 2);

--Bill table
INSERT INTO BILL (BILL_ID, PROJ_ID, BILL_DATE) VALUES (301, 503, '01-APR-2023');
INSERT INTO BILL (BILL_ID, PROJ_ID, BILL_DATE) VALUES (302, 504, '02-APR-2023');
INSERT INTO BILL (BILL_ID, PROJ_ID, BILL_DATE) VALUES (303, 505, '03-APR-2023');
INSERT INTO BILL (BILL_ID, PROJ_ID, BILL_DATE) VALUES (304, 506, '04-APR-2023');
INSERT INTO BILL (BILL_ID, PROJ_ID, BILL_DATE) VALUES (305, 507, '05-APR-2023');
INSERT INTO BILL (BILL_ID, PROJ_ID, BILL_DATE) VALUES (306, 508, '06-APR-2023');
INSERT INTO BILL (BILL_ID, PROJ_ID, BILL_DATE) VALUES (307, 509, '07-APR-2023');
INSERT INTO BILL (BILL_ID, PROJ_ID, BILL_DATE) VALUES (308, 510, '08-APR-2023');
INSERT INTO BILL (BILL_ID, PROJ_ID, BILL_DATE) VALUES (309, 511, '09-APR-2023');
INSERT INTO BILL (BILL_ID, PROJ_ID, BILL_DATE) VALUES (310, 501, '10-APR-2023');

--Assign table
INSERT INTO ASSIGN (ASSIGN_ID, EMPLOYEE_ID, TS_ID, ABEGIN_DATE, AEND_DATE) VALUES (901, 1, 714, '01-JUN-2023', '30-JUN-2023');
INSERT INTO ASSIGN (ASSIGN_ID, EMPLOYEE_ID, TS_ID, ABEGIN_DATE, AEND_DATE) VALUES (902, 2, 704, '01-JUN-2023', '30-JUN-2023');
INSERT INTO ASSIGN (ASSIGN_ID, EMPLOYEE_ID, TS_ID, ABEGIN_DATE, AEND_DATE) VALUES (903, 3, 705, '01-JUN-2023', '30-JUN-2023');
INSERT INTO ASSIGN (ASSIGN_ID, EMPLOYEE_ID, TS_ID, ABEGIN_DATE, AEND_DATE) VALUES (904, 4, 706, '01-JUN-2023', '30-JUN-2023');
INSERT INTO ASSIGN (ASSIGN_ID, EMPLOYEE_ID, TS_ID, ABEGIN_DATE, AEND_DATE) VALUES (905, 5, 707, '01-JUN-2023', '30-JUN-2023');
INSERT INTO ASSIGN (ASSIGN_ID, EMPLOYEE_ID, TS_ID, ABEGIN_DATE, AEND_DATE) VALUES (906, 6, 708, '01-JUN-2023', '30-JUN-2023');
INSERT INTO ASSIGN (ASSIGN_ID, EMPLOYEE_ID, TS_ID, ABEGIN_DATE, AEND_DATE) VALUES (907, 7, 709, '01-JUN-2023', '30-JUN-2023');
INSERT INTO ASSIGN (ASSIGN_ID, EMPLOYEE_ID, TS_ID, ABEGIN_DATE, AEND_DATE) VALUES (908, 8, 710, '01-JUN-2023', '30-JUN-2023');
INSERT INTO ASSIGN (ASSIGN_ID, EMPLOYEE_ID, TS_ID, ABEGIN_DATE, AEND_DATE) VALUES (909, 9, 711, '01-JUN-2023', '30-JUN-2023');
INSERT INTO ASSIGN (ASSIGN_ID, EMPLOYEE_ID, TS_ID, ABEGIN_DATE, AEND_DATE) VALUES (910, 10, 712, '01-JUN-2023', '30-JUN-2023');

--Work Log table
INSERT INTO WORK_LOG (WL_ID, ASSIGN_ID, BILL_ID, WL_DATE, WL_HOURS) VALUES (801, 902, 301, '03-JUN-2023', 4.5);
INSERT INTO WORK_LOG (WL_ID, ASSIGN_ID, BILL_ID, WL_DATE, WL_HOURS) VALUES (802, 903, 302, '03-JUN-2023', 5.5);
INSERT INTO WORK_LOG (WL_ID, ASSIGN_ID, BILL_ID, WL_DATE, WL_HOURS) VALUES (803, 904, 303, '04-JUN-2023', 3.75);
INSERT INTO WORK_LOG (WL_ID, ASSIGN_ID, BILL_ID, WL_DATE, WL_HOURS) VALUES (804, 905, 304, '05-JUN-2023', 8);
INSERT INTO WORK_LOG (WL_ID, ASSIGN_ID, BILL_ID, WL_DATE, WL_HOURS) VALUES (805, 906, 305, '06-JUN-2023', 6.25);
INSERT INTO WORK_LOG (WL_ID, ASSIGN_ID, BILL_ID, WL_DATE, WL_HOURS) VALUES (806, 907, 306, '07-JUN-2023', 7);
INSERT INTO WORK_LOG (WL_ID, ASSIGN_ID, BILL_ID, WL_DATE, WL_HOURS) VALUES (807, 908, 307, '08-JUN-2023', 2.5);
INSERT INTO WORK_LOG (WL_ID, ASSIGN_ID, BILL_ID, WL_DATE, WL_HOURS) VALUES (808, 909, 308, '09-JUN-2023', 4.25);
INSERT INTO WORK_LOG (WL_ID, ASSIGN_ID, BILL_ID, WL_DATE, WL_HOURS) VALUES (809, 910, 309, '10-JUN-2023', 9);
INSERT INTO WORK_LOG (WL_ID, ASSIGN_ID, BILL_ID, WL_DATE, WL_HOURS) VALUES (810, 901, 310, '11-JUN-2023', 3.5);
